{
  "ramps": 3,
  "display": "Dot Matrix",
  "flippers": 2,
  "ipdb": "3824",
  "brand": "Williams, 1996",
  "name": "Tales of the Arabian Nights",
  "date": "May 1996",
  "manufacturer": "Williams Electronic Games, Inc.",
  "value": "$5830 - $6770",
  "players": 4,
  "multiball": "4",
  "cabinet": "Normal",
  "link": "Tales of the Arabian Nights",
  "type": "SS",
  "description": "Tales of the Arabian Nights is a 1996 pinball machine from Williams.",
  "released": 3128,
  "link-href": "https://pinside.com/pinball/archive/tales-of-the-arabian-nights"
}