{
  "ramps": 1,
  "display": "Tv Screen",
  "flippers": 5,
  "ipdb": "5800",
  "brand": "Jersey Jack Pinball, 2013",
  "name": "Wizard of Oz LE",
  "date": "May 2013",
  "manufacturer": "Jersey Jack Pinball",
  "value": "$7400 - $8600",
  "players": 4,
  "multiball": "5",
  "cabinet": "Wide body",
  "link": "Wizard of Oz LE",
  "type": "SS",
  "description": "Wizard of Oz LE is a pinball machine from May 2013, manufactured by Jersey Jack Pinball.",
  "released": 1000,
  "link-href": "https://pinside.com/pinball/archive/wizard-of-oz"
}