{
  "ramps": 2,
  "display": "Dot Matrix",
  "flippers": 2,
  "ipdb": "3683",
  "brand": "Williams, 1995",
  "name": "Johnny Mnemonic",
  "date": "January 1995",
  "manufacturer": "Williams Electronic Games, Inc.",
  "value": "$2130 - $2470",
  "players": 4,
  "multiball": "4",
  "cabinet": "Normal",
  "link": "Johnny Mnemonic",
  "type": "SS",
  "description": "Johnny Mnemonic is a pinball machine from January 1995, manufactured by Williams Electronic Games, Inc.",
  "released": 2756,
  "link-href": "https://pinside.com/pinball/archive/johnny-mnemonic"
}