{
  "ramps": 2,
  "display": "Dot Matrix",
  "flippers": 3,
  "ipdb": "313",
  "brand": "Bally, 1992",
  "name": "Black Rose",
  "date": "July 1992",
  "manufacturer": "Bally Manufacturing Co.",
  "value": "$1760 - $2040",
  "players": 4,
  "multiball": "3",
  "cabinet": "Normal",
  "link": "Black Rose",
  "type": "SS",
  "description": "Black Rose is a pinball machine from July 1992, manufactured by Bally Manufacturing Co.",
  "released": 3746,
  "link-href": "https://pinside.com/pinball/archive/black-rose"
}