{
  "ramps": 3,
  "display": "Dot Matrix",
  "flippers": 3,
  "ipdb": "662",
  "brand": "Williams, 1994",
  "name": "Demolition Man",
  "date": "February 1994",
  "manufacturer": "Williams Electronic Games, Inc.",
  "value": "$2220 - $2580",
  "players": 4,
  "multiball": "5",
  "cabinet": "Wide body",
  "link": "Demolition Man",
  "type": "SS",
  "description": "Demolition Man is a Williams pinball machine released in February 1994 and designed by game designer Dennis Nordman. The game is based on the motion picture of the same name. It is part of WMS' SuperPin line of widebody games.",
  "released": 7019,
  "link-href": "https://pinside.com/pinball/archive/demolition-man"
}