{
  "ramps": 2,
  "display": "Dot Matrix",
  "flippers": 4,
  "ipdb": "2684",
  "brand": "Bally, 1993",
  "name": "Twilight Zone",
  "date": "May 1993",
  "manufacturer": "Bally Manufacturing Co.",
  "value": "$5730 - $6670",
  "players": 4,
  "multiball": "6",
  "cabinet": "Wide body",
  "link": "Twilight Zone",
  "type": "SS",
  "description": "Twilight Zone is a Pinball Machine manufactured by Bally in 1993. It is themed after the television series that was created by Rod Serling and which aired on American television from 1959-1964 originally. The game is often noted to be the game with the most patents (however Pinball Magic by Capcom has more), the most toys and the most over-cost budget in the history of pinball.",
  "released": 15235,
  "link-href": "https://pinside.com/pinball/archive/twilight-zone"
}