{
  "ramps": 1,
  "display": "Digital",
  "flippers": 2,
  "ipdb": "2821",
  "brand": "Bally, 1980",
  "name": "Xenon",
  "date": "November 1980",
  "manufacturer": "Bally Manufacturing Co.",
  "value": "$1850 - $2150",
  "players": 4,
  "multiball": "2",
  "cabinet": "Normal",
  "link": "Xenon",
  "type": "SS",
  "description": "Xenon is a pinball machine from November 1980, manufactured by Bally Manufacturing Co.",
  "released": 11000,
  "link-href": "https://pinside.com/pinball/archive/xenon"
}