{
  "display": "Digital",
  "flippers": 3,
  "ipdb": "762",
  "brand": "Bally, 1980",
  "name": "Eight Ball Deluxe",
  "date": "September 1980",
  "manufacturer": "Bally Manufacturing Co.",
  "value": "$2680 - $3120",
  "players": 4,
  "cabinet": "Normal",
  "link": "Eight Ball Deluxe",
  "type": "SS",
  "description": "Eight Ball Deluxe is a pinball machine from September 1980, manufactured by Bally Manufacturing Co.",
  "released": 8250,
  "link-href": "https://pinside.com/pinball/archive/eight-ball-deluxe"
}