{
  "ramps": 3,
  "display": "Dot Matrix",
  "flippers": 2,
  "ipdb": "4014",
  "brand": "Williams, 1996",
  "name": "Junk Yard",
  "manufacturer": "Williams Electronic Games, Inc.",
  "value": "$3050 - $3550",
  "players": 4,
  "multiball": "3",
  "cabinet": "Normal",
  "link": "Junk Yard",
  "type": "SS",
  "description": "Junk Yard is a pinball machine from 1996, manufactured by Williams Electronic Games, Inc.",
  "released": 3013,
  "link-href": "https://pinside.com/pinball/archive/junk-yard"
}