{
  "lastName": "Bros",
  "state": "FL",
  "dn": "cn=leon bros,o=darwinoplayground",
  "firstName": "Leon",
  "city": "Jacksonville Beach",
  "email": "lbros@darwinoplayground.com",
  "pinballs": [
    {
      "manufacturer": "Bally Manufacturing Co.",
      "ipdb": "3685",
      "name": "WHO dunnit"
    },
    {
      "manufacturer": "Williams Electronic Games, Inc.",
      "ipdb": "3072",
      "name": "Bram Stoker's Dracula"
    },
    {
      "manufacturer": "Williams Electronic Games, Inc.",
      "ipdb": "2242",
      "name": "Sorcerer"
    },
    {
      "manufacturer": "Stern Pinball, Inc.",
      "ipdb": "6045",
      "name": "Star Trek (Premium/LE)"
    }
  ],
  "sexe": "F"
}