{
  "ramps": 2,
  "display": "Dot Matrix",
  "flippers": 2,
  "ipdb": "4059",
  "brand": "Bally, 1997",
  "name": "Cirqus Voltaire",
  "manufacturer": "Bally Manufacturing Co.",
  "value": "$6840 - $7960",
  "players": 4,
  "multiball": "4",
  "cabinet": "Normal",
  "link": "Cirqus Voltaire",
  "type": "SS",
  "description": "Cirqus Voltaire is a pinball machine from 1997, manufactured by Bally Manufacturing Co.",
  "released": 2700,
  "link-href": "https://pinside.com/pinball/archive/cirqus-voltaire"
}