{
  "ramps": 3,
  "display": "Alphanumeric",
  "flippers": 2,
  "ipdb": "617",
  "brand": "Williams, 1988",
  "name": "Cyclone",
  "date": "February 1988",
  "manufacturer": "Williams Electronic Games, Inc.",
  "value": "$2030 - $2370",
  "players": 4,
  "cabinet": "Normal",
  "link": "Cyclone",
  "type": "SS",
  "description": "Cyclone is a pinball machine from February 1988, manufactured by Williams Electronic Games, Inc.",
  "released": 9400,
  "link-href": "https://pinside.com/pinball/archive/cyclone"
}