{
  "ramps": 3,
  "display": "Dot Matrix",
  "flippers": 2,
  "ipdb": "3781",
  "brand": "Bally, 1995",
  "name": "Attack from Mars",
  "date": "January 1995",
  "manufacturer": "Bally Manufacturing Co.",
  "value": "$7580 - $8820",
  "players": 4,
  "multiball": "4",
  "cabinet": "Normal",
  "link": "Attack from Mars",
  "type": "SS",
  "description": "Attack from Mars is a pinball machine from January 1995, manufactured by Bally Manufacturing Co.",
  "released": 3450,
  "link-href": "https://pinside.com/pinball/archive/attack-from-mars"
}