{
  "lastName": "Mass",
  "state": "AZ",
  "dn": "cn=al mass,o=darwinoplayground",
  "firstName": "Al",
  "city": "Buckeye",
  "email": "amass@darwinoplayground.com",
  "pinballs": [
    {
      "manufacturer": "Bally Manufacturing Co.",
      "ipdb": "477",
      "name": "Centaur II"
    },
    {
      "manufacturer": "Stern Pinball, Inc.",
      "ipdb": "5237",
      "name": "Spider-Man"
    },
    {
      "manufacturer": "Williams Electronic Games, Inc.",
      "ipdb": "2768",
      "name": "White Water"
    },
    {
      "manufacturer": "Bally Manufacturing Co.",
      "ipdb": "782",
      "name": "Elvira and the Party Monsters"
    }
  ],
  "sexe": "F"
}