{
  "ramps": 2,
  "display": "Dot Matrix",
  "flippers": 3,
  "ipdb": "1000",
  "brand": "Williams, 1992",
  "name": "The Getaway: High Speed II",
  "date": "February 1992",
  "manufacturer": "Williams Electronic Games, Inc.",
  "value": "$2130 - $2470",
  "players": 4,
  "multiball": "3",
  "cabinet": "Normal",
  "link": "The Getaway: High Speed II",
  "type": "SS",
  "description": "The Getaway: High Speed II is a pinball machine from February 1992, manufactured by Williams Electronic Games, Inc.",
  "released": 13259,
  "link-href": "https://pinside.com/pinball/archive/getaway-high-speed-ii"
}