{
  "ramps": 2,
  "display": "Alphanumeric",
  "flippers": 2,
  "ipdb": "782",
  "brand": "Bally, 1989",
  "name": "Elvira and the Party Monsters",
  "manufacturer": "Bally Manufacturing Co.",
  "value": "$2310 - $2690",
  "players": 4,
  "multiball": "3",
  "cabinet": "Normal",
  "link": "Elvira and the Party Monsters",
  "type": "SS",
  "description": "Elvira and the Party Monsters is a pinball machine from 1989, manufactured by Bally Manufacturing Co.",
  "released": 4000,
  "link-href": "https://pinside.com/pinball/archive/elvira-and-the-party-monsters"
}