{
  "ramps": 1,
  "display": "Digital",
  "flippers": 2,
  "ipdb": "2260",
  "brand": "Williams, 1984",
  "name": "Space Shuttle",
  "manufacturer": "Williams Electronic Games, Inc.",
  "value": "Unknown",
  "players": 4,
  "multiball": "3",
  "cabinet": "Normal",
  "link": "Space Shuttle",
  "type": "SS",
  "description": "Space Shuttle is a pinball machine from 1984, manufactured by Williams Electronic Games, Inc.",
  "released": 7000,
  "link-href": "https://pinside.com/pinball/archive/space-shuttle"
}