{
  "ramps": 2,
  "display": "Dot Matrix",
  "flippers": 3,
  "ipdb": "2579",
  "brand": "Data East, 1994",
  "name": "Tommy Pinball Wizard",
  "date": "February 1994",
  "manufacturer": "Data East USA, Inc.",
  "value": "$2770 - $3230",
  "players": 4,
  "multiball": "6",
  "cabinet": "Normal",
  "link": "Tommy Pinball Wizard",
  "type": "SS",
  "description": "Tommy Pinball Wizard is a pinball machine from February 1994, manufactured by Data East USA, Inc.",
  "released": 3500,
  "link-href": "https://pinside.com/pinball/archive/tommy-pinball-wizard"
}