{
  "ramps": 3,
  "display": "Dot Matrix",
  "flippers": 3,
  "ipdb": "2768",
  "brand": "Williams, 1993",
  "name": "White Water",
  "manufacturer": "Williams Electronic Games, Inc.",
  "value": "$3610 - $4190",
  "players": 4,
  "multiball": "3",
  "cabinet": "Normal",
  "link": "White Water",
  "type": "SS",
  "description": "White Water is a pinball machine from 1993, manufactured by Williams Electronic Games, Inc.",
  "released": 7008,
  "link-href": "https://pinside.com/pinball/archive/white-water"
}