{
  "ramps": 4,
  "display": "Dot Matrix",
  "flippers": 2,
  "ipdb": "2845",
  "brand": "Bally, 1995",
  "name": "Theatre of Magic",
  "date": "March 1995",
  "manufacturer": "Bally Manufacturing Co.",
  "value": "$4620 - $5380",
  "players": 4,
  "multiball": "4",
  "cabinet": "Normal",
  "link": "Theatre of Magic",
  "type": "SS",
  "description": "Theatre of Magic is a pinball machine from March 1995, manufactured by Bally Manufacturing Co. This game was designed by John Popadiuk and features many of his design staples such as magnets, a bash toy, and elaborate ramps. Theatre of Magic is based on an unlicensed magic theme where the goal is to perform eight different magic tricks and then complete a rather simple wizard mode. There are numerous side goals such as spelling \"Theatre\" and advancing the clock to Midnight Madness (not to be confused with the midnight madness featured in some other Bally/WMS games), as well as a video mode featuring a virtual pinball game.",
  "released": 6600,
  "link-href": "https://pinside.com/pinball/archive/theatre-of-magic"
}