{
  "ramps": 2,
  "display": "Dot Matrix",
  "flippers": 4,
  "ipdb": "1972",
  "brand": "Williams, 1994",
  "name": "Road Show",
  "manufacturer": "Williams Electronic Games, Inc.",
  "value": "$2590 - $3010",
  "players": 4,
  "multiball": "4",
  "cabinet": "Wide body",
  "link": "Road Show",
  "type": "SS",
  "description": "Road Show is a pinball machine from 1994, manufactured by Williams Electronic Games, Inc.",
  "released": 6259,
  "link-href": "https://pinside.com/pinball/archive/road-show-red-and-teds"
}