{
  "lastName": "Boucher",
  "state": "ME",
  "dn": "cn=alain boucher,o=darwinoplayground",
  "firstName": "Alain",
  "city": "Bangor",
  "email": "aboucher@darwinoplayground.com",
  "pinballs": [
    {
      "manufacturer": "Stern Pinball, Inc.",
      "ipdb": "null",
      "name": "TRON: Legacy (Pro)"
    },
    {
      "manufacturer": "Bally Manufacturing Co.",
      "ipdb": "21",
      "name": "The Addams Family Gold (Special Collectors Edition)"
    },
    {
      "manufacturer": "Stern Pinball, Inc.",
      "ipdb": "null",
      "name": "The Walking Dead"
    }
  ],
  "sexe": "M"
}