{
  "ramps": 4,
  "display": "Dot Matrix",
  "flippers": 3,
  "ipdb": "4338",
  "brand": "Williams, 1997",
  "name": "No Good Gofers",
  "manufacturer": "Williams Electronic Games, Inc.",
  "value": "$2960 - $3440",
  "players": 4,
  "multiball": "5",
  "cabinet": "Normal",
  "link": "No Good Gofers",
  "type": "SS",
  "description": "No Good Gofers is a pinball machine from 1997, manufactured by Williams Electronic Games, Inc.",
  "released": 2711,
  "link-href": "https://pinside.com/pinball/archive/no-good-gofers"
}