{
  "ramps": 2,
  "display": "Alphanumeric",
  "flippers": 2,
  "ipdb": "1502",
  "brand": "Williams, 1991",
  "name": "The Machine: Bride of Pinbot",
  "date": "February 1991",
  "manufacturer": "Williams Electronic Games, Inc.",
  "value": "$1660 - $1940",
  "players": 4,
  "multiball": "2",
  "cabinet": "Normal",
  "link": "The Machine: Bride of Pinbot",
  "type": "SS",
  "description": "The Machine: Bride of Pinbot is a pinball machine from February 1991, manufactured by Williams Electronic Games, Inc.",
  "released": 8100,
  "link-href": "https://pinside.com/pinball/archive/machine-bride-of-pinbot"
}