{
  "ramps": 2,
  "display": "Dot Matrix",
  "flippers": 2,
  "ipdb": "6030",
  "brand": "Stern, 2013",
  "name": "Metallica (Premium/LE)",
  "date": "April 2013",
  "manufacturer": "Stern Pinball, Inc.",
  "value": "$7400 - $8600",
  "players": 4,
  "multiball": "4",
  "cabinet": "Normal",
  "link": "Metallica (Premium/LE)",
  "type": "SS",
  "description": "500 Master of Puppets LE's, 2 Premium versions and 1 Pro version.",
  "released": 500,
  "link-href": "https://pinside.com/pinball/archive/metallica-le"
}