{
  "ramps": 1,
  "display": "Dot Matrix",
  "flippers": 2,
  "ipdb": "4358",
  "brand": "Bally, 1998",
  "name": "Champion Pub",
  "date": "January 1998",
  "manufacturer": "Bally Manufacturing Co.",
  "value": "$4160 - $4840",
  "players": 4,
  "multiball": "4",
  "cabinet": "Normal",
  "link": "Champion Pub",
  "type": "SS",
  "description": "Champion Pub is a pinball machine from January 1998, manufactured by Bally Manufacturing Co.",
  "released": 1369,
  "link-href": "https://pinside.com/pinball/archive/champion-pub"
}