{
  "ramps": 2,
  "display": "Dot Matrix",
  "flippers": 2,
  "ipdb": "3915",
  "brand": "Bally, 1996",
  "name": "Scared Stiff",
  "date": "January 1996",
  "manufacturer": "Bally Manufacturing Co.",
  "value": "$3050 - $3550",
  "players": 4,
  "multiball": "4",
  "cabinet": "Normal",
  "link": "Scared Stiff",
  "type": "SS",
  "description": "Scared Stiff is a pinball machine from January 1996, manufactured by Bally Manufacturing Co.",
  "released": 4000,
  "link-href": "https://pinside.com/pinball/archive/scared-stiff"
}