{
  "ramps": 1,
  "display": "Alphanumeric",
  "flippers": 2,
  "ipdb": "1796",
  "brand": "Williams, 1986",
  "name": "Pinbot",
  "date": "October 1986",
  "manufacturer": "Williams Electronic Games, Inc.",
  "value": "$2030 - $2370",
  "players": 4,
  "multiball": "2",
  "cabinet": "Normal",
  "link": "Pinbot",
  "type": "SS",
  "description": "Pinbot is a pinball machine from October 1986, manufactured by Williams Electronic Games, Inc.",
  "released": 12001,
  "link-href": "https://pinside.com/pinball/archive/pinbot"
}