{
  "ramps": 3,
  "display": "Dot Matrix",
  "flippers": 3,
  "ipdb": "2357",
  "brand": "Williams, 1993",
  "name": "Star Trek: The Next Generation",
  "manufacturer": "Williams Electronic Games, Inc.",
  "value": "$4070 - $4730",
  "players": 4,
  "multiball": "6",
  "cabinet": "Wide body",
  "link": "Star Trek: The Next Generation",
  "type": "SS",
  "description": "Star Trek: The Next Generation is a pinball machine from 1993, manufactured by Williams Electronic Games, Inc.",
  "released": 11728,
  "link-href": "https://pinside.com/pinball/archive/star-trek-the-next-generation"
}