{
  "ramps": 2,
  "display": "Tv Screen",
  "flippers": 2,
  "ipdb": "4446",
  "brand": "Bally, 1999",
  "name": "Revenge From Mars",
  "manufacturer": "Bally Manufacturing Co.",
  "value": "$2770 - $3230",
  "players": 4,
  "multiball": "4",
  "cabinet": "Pinball 2000",
  "link": "Revenge From Mars",
  "type": "SS",
  "description": "Revenge From Mars is a pinball machine from 1999, manufactured by Bally Manufacturing Co.",
  "released": 7500,
  "link-href": "https://pinside.com/pinball/archive/revenge-from-mars"
}