{
  "lastName": "Collins",
  "state": "IL",
  "dn": "cn=philip collins,o=darwinoplayground",
  "firstName": "Philip",
  "city": "Gurnee",
  "email": "pcollins@darwinoplayground.com",
  "pinballs": [
    {
      "manufacturer": "Bally Manufacturing Co.",
      "ipdb": "829",
      "name": "Fathom"
    },
    {
      "manufacturer": "Williams Electronic Games, Inc.",
      "ipdb": "1796",
      "name": "Pinbot"
    },
    {
      "manufacturer": "Stern Pinball, Inc.",
      "ipdb": "4858",
      "name": "Lord of the Rings"
    }
  ],
  "sexe": "F"
}