{
  "ramps": 2,
  "display": "Dot Matrix",
  "flippers": 2,
  "ipdb": "861",
  "brand": "Williams, 1992",
  "name": "Fish Tales",
  "manufacturer": "Williams Electronic Games, Inc.",
  "value": "$2400 - $2800",
  "players": 4,
  "multiball": "3",
  "cabinet": "Normal",
  "link": "Fish Tales",
  "type": "SS",
  "description": "Fish Tales is a pinball machine from 1992, manufactured by Williams Electronic Games, Inc.",
  "released": 13640,
  "link-href": "https://pinside.com/pinball/archive/fish-tales"
}