{
  "ramps": 2,
  "display": "Alphanumeric",
  "flippers": 2,
  "ipdb": "681",
  "brand": "Williams, 1990",
  "name": "Diner",
  "date": "January 1990",
  "manufacturer": "Williams Electronic Games, Inc.",
  "value": "$1760 - $2040",
  "players": 4,
  "multiball": "2",
  "cabinet": "Normal",
  "link": "Diner",
  "type": "SS",
  "description": "Diner is a pinball machine from January 1990, manufactured by Williams Electronic Games, Inc.",
  "released": 3552,
  "link-href": "https://pinside.com/pinball/archive/diner"
}