{
  "ramps": 1,
  "display": "Alphanumeric",
  "flippers": 3,
  "ipdb": "1176",
  "brand": "Williams, 1986",
  "name": "High Speed",
  "manufacturer": "Williams Electronic Games, Inc.",
  "value": "$1200 - $1400",
  "players": 4,
  "multiball": "3",
  "cabinet": "Normal",
  "link": "High Speed",
  "type": "SS",
  "description": "High Speed is a pinball machine from 1986, manufactured by Williams Electronic Games, Inc.",
  "released": 17080,
  "link-href": "https://pinside.com/pinball/archive/high-speed"
}