{
  "ramps": 2,
  "display": "Dot Matrix",
  "flippers": 2,
  "ipdb": "2524",
  "brand": "Williams, 1991",
  "name": "Terminator 2: Judgment Day",
  "date": "July 1991",
  "manufacturer": "Williams Electronic Games, Inc.",
  "value": "$2130 - $2470",
  "players": 4,
  "multiball": "3",
  "cabinet": "Normal",
  "link": "Terminator 2: Judgment Day",
  "type": "SS",
  "description": "Terminator 2: Judgment Day is a pinball machine from July 1991, manufactured by Williams Electronic Games, Inc.",
  "released": 15202,
  "link-href": "https://pinside.com/pinball/archive/terminator-2-judgment-day"
}