{
  "ramps": 2,
  "display": "Alphanumeric",
  "flippers": 3,
  "ipdb": "2765",
  "brand": "Williams, 1990",
  "name": "Whirlwind",
  "manufacturer": "Williams Electronic Games, Inc.",
  "value": "$2130 - $2470",
  "players": 4,
  "multiball": "3",
  "cabinet": "Normal",
  "link": "Whirlwind",
  "type": "SS",
  "description": "Whirlwind is a pinball machine from 1990, manufactured by Williams Electronic Games, Inc.",
  "released": 7300,
  "link-href": "https://pinside.com/pinball/archive/whirlwind"
}