{
  "ramps": 2,
  "display": "Dot Matrix",
  "flippers": 3,
  "ipdb": "4917",
  "brand": "Stern, 2004",
  "name": "Ripley's Believe It or Not!",
  "date": "March 2004",
  "manufacturer": "Stern Pinball, Inc.",
  "value": "$3240 - $3760",
  "players": 4,
  "multiball": "4",
  "cabinet": "Normal",
  "link": "Ripley's Believe It or Not!",
  "type": "SS",
  "description": "This Stern machine was created by Pat Lawlor in 2004 and was inspired by the \"Ripley's Believe it or Not\" books, museums and other types of exhibitions. The machine encourages players to journey into the world of the strange and unusual with a deep ruleset and plenty of unique toys, including a Temple full of rewards and a head that can capture the ball.",
  "link-href": "https://pinside.com/pinball/archive/ripleys-believe-it-or-not"
}