{
  "ramps": 2,
  "display": "Alphanumeric",
  "flippers": 3,
  "ipdb": "311",
  "brand": "Williams, 1989",
  "name": "Black Knight 2000",
  "date": "January 1989",
  "manufacturer": "Williams Electronic Games, Inc.",
  "value": "$2030 - $2370",
  "players": 4,
  "multiball": "3",
  "cabinet": "Normal",
  "link": "Black Knight 2000",
  "type": "SS",
  "description": "Black Knight 2000 is a pinball machine from January 1989, manufactured by Williams Electronic Games, Inc.",
  "released": 5703,
  "link-href": "https://pinside.com/pinball/archive/black-knight-2000"
}