{
  "ramps": 4,
  "display": "Dot Matrix",
  "flippers": 4,
  "ipdb": "1322",
  "brand": "Bally, 1993",
  "name": "Judge Dredd",
  "date": "January 1993",
  "manufacturer": "Bally Manufacturing Co.",
  "value": "$2130 - $2470",
  "players": 4,
  "multiball": "6",
  "cabinet": "Wide body",
  "link": "Judge Dredd",
  "type": "SS",
  "description": "This machine was designed by John Trudeau and released by Bally in 1993. The machine takes inspiration from the Judge Dredd comic books that increased in popularity during the early 90s. Also featured in the machine was a rotating Deadworld model that could capture the ball, and a unique gameplay mechanic called \"SuperGame\" - featuring 4 unique modes, a unique 6-ball multi ball, and a 100 million Super Shot attainable within the latter.",
  "released": 6990,
  "link-href": "https://pinside.com/pinball/archive/judge-dredd"
}