{
  "ramps": 3,
  "display": "Dot Matrix",
  "flippers": 2,
  "ipdb": "4441",
  "brand": "Williams, 1998",
  "name": "Monster Bash",
  "date": "July 1998",
  "manufacturer": "Williams Electronic Games, Inc.",
  "value": "$7860 - $9140",
  "players": 4,
  "multiball": "4",
  "cabinet": "Normal",
  "link": "Monster Bash",
  "type": "SS",
  "description": "Monster Bash is a pinball machine from July 1998, manufactured by Williams Electronic Games, Inc.",
  "released": 3361,
  "link-href": "https://pinside.com/pinball/archive/monster-bash"
}