{
  "ramps": 2,
  "display": "Dot Matrix",
  "flippers": 3,
  "ipdb": "2853",
  "brand": "Bally, 1995",
  "name": "Indianapolis 500",
  "date": "June 1995",
  "manufacturer": "Bally Manufacturing Co.",
  "value": "$2770 - $3230",
  "players": 4,
  "multiball": "3",
  "cabinet": "Normal",
  "link": "Indianapolis 500",
  "type": "SS",
  "description": "Dennis Nordman created this machine for Bally in 1995. Indianapolis 500 features a deep ruleset that revolves around advancing through the race by completing the Speedway; advancing your Position; making the Lite-Ups; and going through as many Laps as possible to go for a Victory Lap. While the machine has a low run, it is admired my enthusiasts today for its blending of theme with a large amount of unique toys and features.",
  "released": 2249,
  "link-href": "https://pinside.com/pinball/archive/indianapolis-500"
}