{
  "ramps": 3,
  "display": "Dot Matrix",
  "flippers": 2,
  "ipdb": "4445",
  "brand": "Bally, 1998",
  "name": "Cactus Canyon",
  "manufacturer": "Bally Manufacturing Co.",
  "value": "$9160 - $10640",
  "players": 4,
  "multiball": "4",
  "cabinet": "Normal",
  "link": "Cactus Canyon",
  "type": "SS",
  "description": "Cactus Canyon is a pinball machine from 1998, manufactured by Bally Manufacturing Co.",
  "released": 903,
  "link-href": "https://pinside.com/pinball/archive/cactus-canyon"
}