{
  "ramps": 4,
  "display": "Dot Matrix",
  "flippers": 2,
  "ipdb": "4023",
  "brand": "Bally, 1997",
  "name": "NBA Fastbreak",
  "date": "March 1997",
  "manufacturer": "Bally Manufacturing Co.",
  "value": "$2030 - $2370",
  "players": 4,
  "multiball": "3",
  "cabinet": "Normal",
  "link": "NBA Fastbreak",
  "type": "SS",
  "description": "NBA Fastbreak is a pinball machine from March 1997, manufactured by Bally Manufacturing Co.",
  "released": 4414,
  "link-href": "https://pinside.com/pinball/archive/nba-fastbreak"
}