{
  "ramps": 4,
  "display": "Dot Matrix",
  "flippers": 3,
  "ipdb": "3593",
  "brand": "Sega, 1995",
  "name": "Batman Forever",
  "date": "July 1995",
  "manufacturer": "Sega Pinball, Inc. (US)",
  "value": "$2220 - $2580",
  "players": 6,
  "multiball": "4",
  "cabinet": "Wide body",
  "link": "Batman Forever",
  "type": "SS",
  "description": "Batman Forever is a pinball machine from July 1995, manufactured by Sega Pinball, Inc. (US).",
  "released": 2500,
  "link-href": "https://pinside.com/pinball/archive/batman-forever"
}