{
  "ramps": 2,
  "display": "Dot Matrix",
  "flippers": 3,
  "ipdb": "2528",
  "brand": "Bally, 1994",
  "name": "The Shadow",
  "date": "November 1994",
  "manufacturer": "Bally Manufacturing Co.",
  "value": "$2870 - $3330",
  "players": 4,
  "multiball": "5",
  "cabinet": "Normal",
  "link": "The Shadow",
  "type": "SS",
  "description": "The Shadow is a pinball machine from November 1994, manufactured by Bally Manufacturing Co.",
  "released": 4247,
  "link-href": "https://pinside.com/pinball/archive/shadow"
}