{
  "ramps": 3,
  "display": "Dot Matrix",
  "flippers": 5,
  "ipdb": "4674",
  "brand": "Stern, 2003",
  "name": "The Simpsons Pinball Party",
  "date": "January 2003",
  "manufacturer": "Stern Pinball, Inc.",
  "value": "$4160 - $4840",
  "players": 4,
  "multiball": "5",
  "cabinet": "Normal",
  "link": "The Simpsons Pinball Party",
  "type": "SS",
  "description": "The Simpsons Pinball Party is a pinball machine from January 2003, manufactured by Stern Pinball, Inc. Its theme is based on the popular television show of the same name. This machine is regarded as having the deepest ruleset of any pinball machine to date.",
  "released": 5900,
  "link-href": "https://pinside.com/pinball/archive/simpsons-pinball-party"
}