{
  "ramps": 1,
  "display": "Dot Matrix",
  "flippers": 3,
  "ipdb": "947",
  "brand": "Sega, 1995",
  "name": "Mary Shelley's Frankenstein",
  "date": "February 1995",
  "manufacturer": "Sega Pinball, Inc. (US)",
  "value": "$1850 - $2150",
  "players": 4,
  "multiball": "6",
  "cabinet": "Normal",
  "link": "Mary Shelley's Frankenstein",
  "type": "SS",
  "description": "Mary Shelley's Frankenstein is a pinball machine from February 1995, manufactured by Sega Pinball, Inc. (US).",
  "released": 3000,
  "link-href": "https://pinside.com/pinball/archive/mary-shellys-frankenstein"
}