{
  "ramps": 2,
  "display": "Dot Matrix",
  "flippers": 2,
  "ipdb": "1267",
  "brand": "Williams, 1993",
  "name": "Indiana Jones: The Pinball Adventure",
  "date": "January 1993",
  "manufacturer": "Williams Electronic Games, Inc.",
  "value": "$4810 - $5590",
  "players": 4,
  "multiball": "6",
  "cabinet": "Wide body",
  "link": "Indiana Jones: The Pinball Adventure",
  "type": "SS",
  "description": "Indiana Jones: The Pinball Adventure is a pinball machine from January 1993, manufactured by Williams Electronic Games, Inc.",
  "released": 12716,
  "link-href": "https://pinside.com/pinball/archive/indiana-jones"
}