{
  "ramps": 2,
  "display": "Dot Matrix",
  "flippers": 3,
  "ipdb": "738",
  "brand": "Bally, 1992",
  "name": "Doctor Who",
  "date": "January 1992",
  "manufacturer": "Bally Manufacturing Co.",
  "value": "$2400 - $2800",
  "players": 4,
  "multiball": "3",
  "cabinet": "Normal",
  "link": "Doctor Who",
  "type": "SS",
  "description": "Doctor Who is a pinball machine from January 1992, manufactured by Bally Manufacturing Co.",
  "released": 7752,
  "link-href": "https://pinside.com/pinball/archive/doctor-who"
}