{
  "ramps": 1,
  "display": "Dot Matrix",
  "flippers": 3,
  "ipdb": "1343",
  "brand": "Data East, 1993",
  "name": "Jurassic Park",
  "date": "June 1993",
  "manufacturer": "Data East USA, Inc.",
  "value": "$2130 - $2470",
  "players": 4,
  "multiball": "6",
  "cabinet": "Normal",
  "link": "Jurassic Park",
  "type": "SS",
  "description": "Jurassic Park is a pinball machine from June 1993, manufactured by Data East USA, Inc.",
  "released": 9008,
  "link-href": "https://pinside.com/pinball/archive/jurassic-park"
}