{
  "ramps": 3,
  "display": "Dot Matrix",
  "flippers": 4,
  "ipdb": "21",
  "brand": "Bally, 1994",
  "name": "The Addams Family Gold (Special Collectors Edition)",
  "manufacturer": "Bally Manufacturing Co.",
  "value": "$9800 - $11400",
  "players": 4,
  "multiball": "3",
  "cabinet": "Normal",
  "link": "The Addams Family Gold (Special Collectors Edition)",
  "type": "SS",
  "description": "The Addams Family Gold (Special Collectors Edition) is a pinball machine from 1994, manufactured by Bally Manufacturing Co.",
  "released": 1000,
  "link-href": "https://pinside.com/pinball/archive/addams-family-gold-special-collectors-edition"
}