{
  "ramps": 3,
  "display": "Dot Matrix",
  "flippers": 2,
  "ipdb": "1416",
  "brand": "Data East, 1993",
  "name": "Last Action Hero",
  "manufacturer": "Data East USA, Inc.",
  "value": "$1760 - $2040",
  "players": 4,
  "multiball": "6",
  "cabinet": "Normal",
  "link": "Last Action Hero",
  "type": "SS",
  "description": "Last Action Hero is a pinball machine from 1993, manufactured by Data East USA, Inc.",
  "released": 5515,
  "link-href": "https://pinside.com/pinball/archive/last-action-hero"
}