{
  "ramps": 1,
  "display": "Dot Matrix",
  "flippers": 2,
  "ipdb": "5307",
  "brand": "Stern, 2008",
  "name": "Batman (The Dark Knight)",
  "date": "August 2008",
  "manufacturer": "Stern Pinball, Inc.",
  "value": "$4810 - $5590",
  "players": 4,
  "multiball": "3",
  "cabinet": "Normal",
  "link": "Batman (The Dark Knight)",
  "type": "SS",
  "description": "Batman (The Dark Knight) is a pinball machine from August 2008, manufactured by Stern Pinball, Inc.",
  "link-href": "https://pinside.com/pinball/archive/batman-the-dark-knight"
}