{
  "ramps": 2,
  "display": "Dot Matrix",
  "flippers": 3,
  "ipdb": "1100",
  "brand": "Data East, 1994",
  "name": "Guns N' Roses",
  "date": "July 1994",
  "manufacturer": "Data East USA, Inc.",
  "value": "$4070 - $4730",
  "players": 4,
  "multiball": "6",
  "cabinet": "Wide body",
  "link": "Guns N' Roses",
  "type": "SS",
  "description": "Guns N' Roses is a pinball machine from July 1994, manufactured by Data East USA, Inc.",
  "released": 3000,
  "link-href": "https://pinside.com/pinball/archive/guns-n-roses"
}