{
  "ramps": 2,
  "display": "Alphanumeric",
  "flippers": 3,
  "ipdb": "966",
  "brand": "Williams, 1990",
  "name": "FunHouse",
  "date": "November 1990",
  "manufacturer": "Williams Electronic Games, Inc.",
  "value": "$2770 - $3230",
  "players": 4,
  "multiball": "3",
  "cabinet": "Normal",
  "link": "FunHouse",
  "type": "SS",
  "description": "FunHouse is a pinball machine from November 1990, manufactured by Williams Electronic Games, Inc.",
  "released": 10750,
  "link-href": "https://pinside.com/pinball/archive/funhouse"
}