{
  "ramps": 3,
  "display": "Dot Matrix",
  "flippers": 2,
  "ipdb": "4858",
  "brand": "Stern, 2003",
  "name": "Lord of the Rings",
  "date": "November 2003",
  "manufacturer": "Stern Pinball, Inc.",
  "value": "$4810 - $5590",
  "players": 4,
  "multiball": "4",
  "cabinet": "Normal",
  "link": "Lord of the Rings",
  "type": "SS",
  "description": "Lord of the Rings  is a pinball machine from November 2003, manufactured by Stern Pinball, Inc.",
  "released": 5100,
  "link-href": "https://pinside.com/pinball/archive/lord-of-the-rings"
}