{
  "ramps": 2,
  "display": "Dot Matrix",
  "flippers": 2,
  "ipdb": "4032",
  "brand": "Williams, 1997",
  "name": "Medieval Madness",
  "date": "June 1997",
  "manufacturer": "Williams Electronic Games, Inc.",
  "value": "$9990 - $11610",
  "players": 4,
  "multiball": "4",
  "cabinet": "Normal",
  "link": "Medieval Madness",
  "type": "SS",
  "description": "Medieval Madness  is a pinball machine from June 1997, manufactured by Williams Electronic Games, Inc.",
  "released": 4414,
  "link-href": "https://pinside.com/pinball/archive/medieval-madness"
}