{
  "lastName": "Davis",
  "state": "IL",
  "dn": "cn=mary davis,o=darwinoplayground",
  "firstName": "Mary",
  "city": "Wheaton",
  "email": "mdavis@darwinoplayground.com",
  "pinballs": [
    {
      "manufacturer": "Stern Pinball, Inc.",
      "ipdb": "6045",
      "name": "Star Trek (Premium/LE)"
    },
    {
      "manufacturer": "Williams Electronic Games, Inc.",
      "ipdb": "4441",
      "name": "Monster Bash"
    },
    {
      "manufacturer": "Stern Pinball, Inc.",
      "ipdb": "null",
      "name": "The Walking Dead"
    }
  ],
  "sexe": "F"
}