{
  "ramps": 2,
  "display": "Dot Matrix",
  "flippers": 4,
  "ipdb": "20",
  "brand": "Bally, 1992",
  "name": "The Addams Family",
  "date": "January 1992",
  "manufacturer": "Bally Manufacturing Co.",
  "value": "$5550 - $6450",
  "players": 4,
  "multiball": "3",
  "cabinet": "Normal",
  "link": "The Addams Family",
  "type": "SS",
  "description": "The Addams Family is a pinball machine from January 1992, manufactured by Bally Manufacturing Co. and designed by Pat Lawlor. Addams Family was at the time, and remains to this day, the most commercially successful pinball machine, selling approximately 20,000 units. Based on the movie of the same name, released in 1991, the Addams Family Pinball features custom speech by the movie's actors Anjelica Huston and Ra\u00C3\u00BAl Juli\u00C3\u00A1.",
  "released": 20270,
  "link-href": "https://pinside.com/pinball/archive/addams-family"
}