{
  "ramps": 1,
  "display": "Alphanumeric",
  "flippers": 6,
  "ipdb": "175",
  "brand": "Williams, 1988",
  "name": "Banzai Run",
  "date": "May 1988",
  "manufacturer": "Williams Electronic Games, Inc.",
  "value": "Unknown",
  "players": 4,
  "multiball": "3",
  "cabinet": "Normal",
  "link": "Banzai Run",
  "type": "SS",
  "description": "Banzai Run is a pinball machine from May 1988, manufactured by Williams Electronic Games, Inc.",
  "released": 1750,
  "link-href": "https://pinside.com/pinball/archive/banzai-run"
}