{
  "ramps": 3,
  "display": "Dot Matrix",
  "flippers": 3,
  "ipdb": "6044",
  "brand": "Stern, 2013",
  "name": "Star Trek (Pro)",
  "date": "October 2013",
  "manufacturer": "Stern Pinball, Inc.",
  "value": "$4250 - $4950",
  "players": 4,
  "multiball": "4",
  "cabinet": "Normal",
  "link": "Star Trek (Pro)",
  "type": "SS",
  "description": "Star Trek (Pro) is a pinball machine from October 2013, manufactured by Stern Pinball, Inc.",
  "link-href": "https://pinside.com/pinball/archive/star_trek"
}