{
  "ramps": 2,
  "display": "Dot Matrix",
  "flippers": 4,
  "ipdb": "5775",
  "brand": "Stern, 2012",
  "name": "AC/DC (Premium/LE)",
  "date": "March 2012",
  "manufacturer": "Stern Pinball, Inc.",
  "value": "$6660 - $7740",
  "players": 4,
  "multiball": "4",
  "cabinet": "Normal",
  "link": "AC/DC (Premium/LE)",
  "type": "SS",
  "description": "AC/DC (Premium/LE) is a pinball machine from March 2012, manufactured by Stern Pinball, Inc.",
  "released": 500,
  "link-href": "https://pinside.com/pinball/archive/ac-dc-(le)"
}