{
  "ramps": 3,
  "display": "Dot Matrix",
  "flippers": 3,
  "ipdb": "5237",
  "brand": "Stern, 2007",
  "name": "Spider-Man",
  "date": "June 2007",
  "manufacturer": "Stern Pinball, Inc.",
  "value": "$4990 - $5810",
  "players": 4,
  "multiball": "4",
  "cabinet": "Normal",
  "link": "Spider-Man",
  "type": "SS",
  "description": "Spider-Man is a pinball machine from June 2007, manufactured by Stern Pinball, Inc.",
  "released": 500,
  "link-href": "https://pinside.com/pinball/archive/spiderman"
}