{
  "ramps": 1,
  "display": "Digital",
  "flippers": 3,
  "ipdb": "2242",
  "brand": "Williams, 1985",
  "name": "Sorcerer",
  "date": "March 1985",
  "manufacturer": "Williams Electronic Games, Inc.",
  "value": "$920 - $1080",
  "players": 4,
  "multiball": "2",
  "cabinet": "Normal",
  "link": "Sorcerer",
  "type": "SS",
  "description": "Sorcerer is a pinball machine from March 1985, manufactured by Williams Electronic Games, Inc.",
  "released": 3700,
  "link-href": "https://pinside.com/pinball/archive/sorcerer"
}