{
  "ramps": 2,
  "display": "Alphanumeric",
  "flippers": 4,
  "ipdb": "2486",
  "brand": "Williams, 1988",
  "name": "Swords of Fury",
  "date": "June 1988",
  "manufacturer": "Williams Electronic Games, Inc.",
  "value": "$740 - $860",
  "players": 4,
  "multiball": "3",
  "cabinet": "Normal",
  "link": "Swords of Fury",
  "type": "SS",
  "description": "Swords of Fury is a pinball machine from June 1988, manufactured by Williams Electronic Games, Inc.",
  "link-href": "https://pinside.com/pinball/archive/swords-of-fury"
}