{
  "ramps": 1,
  "display": "Dot Matrix",
  "flippers": 2,
  "ipdb": "3596",
  "brand": "Capcom, 1995",
  "name": "Pinball Magic",
  "manufacturer": "Capcom Coin-Op, Inc.",
  "value": "$2870 - $3330",
  "players": 4,
  "multiball": "3",
  "cabinet": "Custom shape",
  "link": "Pinball Magic",
  "type": "SS",
  "description": "Pinball Magic is a pinball machine from 1995, manufactured by Capcom Coin-Op, Inc.",
  "released": 1200,
  "link-href": "https://pinside.com/pinball/archive/pinball-magic"
}