{
  "ramps": 2,
  "display": "Dot Matrix",
  "flippers": 2,
  "ipdb": "588",
  "brand": "Bally, 1992",
  "name": "Creature from the Black Lagoon",
  "date": "December 1992",
  "manufacturer": "Bally Manufacturing Co.",
  "value": "$3880 - $4520",
  "players": 4,
  "multiball": "2",
  "cabinet": "Normal",
  "link": "Creature from the Black Lagoon",
  "type": "SS",
  "description": "Creature from the Black Lagoon is a pinball machine from December 1992, manufactured by Bally Manufacturing Co.",
  "released": 7841,
  "link-href": "https://pinside.com/pinball/archive/creature-from-the-black-lagoon"
}