{
  "lastName": "Jordan",
  "state": "VA",
  "dn": "cn=ralf jordan,o=darwinoplayground",
  "firstName": "Ralf",
  "city": "Fredericksburg",
  "email": "rjordan@darwinoplayground.com",
  "pinballs": [
    {
      "manufacturer": "Bally Manufacturing Co.",
      "ipdb": "4059",
      "name": "Cirqus Voltaire"
    },
    {
      "manufacturer": "Bally Manufacturing Co.",
      "ipdb": "4358",
      "name": "Champion Pub"
    },
    {
      "manufacturer": "Williams Electronic Games, Inc.",
      "ipdb": "4338",
      "name": "No Good Gofers"
    }
  ],
  "sexe": "M"
}