{
  "ramps": 2,
  "display": "Dot Matrix",
  "flippers": 2,
  "ipdb": "2811",
  "brand": "Bally, 1994",
  "name": "World Cup Soccer",
  "date": "February 1994",
  "manufacturer": "Bally Manufacturing Co.",
  "value": "$2220 - $2580",
  "players": 4,
  "multiball": "5",
  "cabinet": "Normal",
  "link": "World Cup Soccer",
  "type": "SS",
  "description": "World Cup Soccer is a pinball machine from February 1994, manufactured by Bally Manufacturing Co.",
  "released": 8743,
  "link-href": "https://pinside.com/pinball/archive/world-cup-soccer"
}