{
  "ramps": 2,
  "display": "Dot Matrix",
  "flippers": 2,
  "ipdb": "5940",
  "brand": "Stern, 2012",
  "name": "The Avengers (Premium/LE)",
  "date": "November 2012",
  "manufacturer": "Stern Pinball, Inc.",
  "value": "$5550 - $6450",
  "players": 4,
  "multiball": "6",
  "cabinet": "Normal",
  "link": "The Avengers (Premium/LE)",
  "type": "SS",
  "description": "The Avengers (Premium/LE) is a pinball machine from November 2012, manufactured by Stern Pinball, Inc.",
  "released": 500,
  "link-href": "https://pinside.com/pinball/archive/the-avengers-le"
}