{
  "ramps": 2,
  "display": "Alphanumeric",
  "flippers": 3,
  "ipdb": "753",
  "brand": "Williams, 1989",
  "name": "Earthshaker",
  "date": "February 1989",
  "manufacturer": "Williams Electronic Games, Inc.",
  "value": "$2130 - $2470",
  "players": 4,
  "multiball": "3",
  "cabinet": "Normal",
  "link": "Earthshaker",
  "type": "SS",
  "description": "Earthshaker is a pinball machine from February 1989, manufactured by Williams Electronic Games, Inc.",
  "released": 5265,
  "link-href": "https://pinside.com/pinball/archive/earthshaker"
}