{
  "ramps": 2,
  "display": "Dot Matrix",
  "flippers": 3,
  "ipdb": "2493",
  "brand": "Data East, 1993",
  "name": "Tales from the Crypt",
  "manufacturer": "Data East USA, Inc.",
  "value": "$2130 - $2470",
  "players": 4,
  "multiball": "6",
  "cabinet": "Normal",
  "link": "Tales from the Crypt",
  "type": "SS",
  "description": "Tales from the Crypt is a pinball machine from 1993, manufactured by Data East USA, Inc.",
  "released": 4500,
  "link-href": "https://pinside.com/pinball/archive/tales-from-the-crypt"
}