{
  "ramps": 3,
  "display": "Dot Matrix",
  "flippers": 3,
  "ipdb": "6045",
  "brand": "Stern, 2013",
  "name": "Star Trek (Premium/LE)",
  "date": "November 2013",
  "manufacturer": "Stern Pinball, Inc.",
  "value": "$7120 - $8280",
  "players": 4,
  "multiball": "4",
  "cabinet": "Normal",
  "link": "Star Trek (Premium/LE)",
  "type": "SS",
  "description": "Star Trek (Premium/LE) is a pinball machine from November 2013, manufactured by Stern Pinball, Inc.",
  "released": 799,
  "link-href": "https://pinside.com/pinball/archive/star_trek_le"
}