{
  "ramps": 1,
  "display": "Dot Matrix",
  "flippers": 3,
  "ipdb": "3782",
  "brand": "Bally, 1996",
  "name": "Safe Cracker",
  "date": "March 1996",
  "manufacturer": "Bally Manufacturing Co.",
  "value": "$6200 - $7200",
  "players": 4,
  "multiball": "3",
  "cabinet": "Small body",
  "link": "Safe Cracker",
  "type": "SS",
  "description": "Safe Cracker is a pinball machine from March 1996, manufactured by Bally Manufacturing Co.",
  "released": 1148,
  "link-href": "https://pinside.com/pinball/archive/safe-cracker"
}