{
  "lastName": "Calder",
  "state": "FL",
  "dn": "cn=amanda calder,o=darwinoplayground",
  "firstName": "Amanda",
  "city": "Pompano Beach",
  "email": "acalder@darwinoplayground.com",
  "pinballs": [
    {
      "manufacturer": "Data East USA, Inc.",
      "ipdb": "1100",
      "name": "Guns N' Roses"
    },
    {
      "manufacturer": "Williams Electronic Games, Inc.",
      "ipdb": "1176",
      "name": "High Speed"
    },
    {
      "manufacturer": "Jersey Jack Pinball",
      "ipdb": "5800",
      "name": "Wizard of Oz LE"
    },
    {
      "manufacturer": "Williams Electronic Games, Inc.",
      "ipdb": "4441",
      "name": "Monster Bash"
    }
  ],
  "sexe": "F"
}