{
  "ramps": 3,
  "display": "Dot Matrix",
  "flippers": 2,
  "ipdb": "5163",
  "brand": "Stern, 2006",
  "name": "Pirates of the Caribbean",
  "date": "June 2006",
  "manufacturer": "Stern Pinball, Inc.",
  "value": "$4620 - $5380",
  "players": 4,
  "multiball": "4",
  "cabinet": "Normal",
  "link": "Pirates of the Caribbean",
  "type": "SS",
  "description": "Pirates of the Caribbean is a pinball machine from June 2006, manufactured by Stern Pinball, Inc.",
  "released": 6000,
  "link-href": "https://pinside.com/pinball/archive/pirates-of-the-caribbean"
}