{
  "ramps": 3,
  "display": "Dot Matrix",
  "flippers": 2,
  "ipdb": "3685",
  "brand": "Bally, 1995",
  "name": "WHO dunnit",
  "date": "January 1995",
  "manufacturer": "Bally Manufacturing Co.",
  "value": "$2590 - $3010",
  "players": 4,
  "multiball": "4",
  "cabinet": "Normal",
  "link": "WHO dunnit",
  "type": "SS",
  "description": "WHO dunnit is a pinball machine from January 1995, manufactured by Bally Manufacturing Co.",
  "released": 2416,
  "link-href": "https://pinside.com/pinball/archive/who-dunnit"
}