{
  "ramps": 3,
  "display": "Dot Matrix",
  "flippers": 2,
  "ipdb": "5753",
  "brand": "Stern, 2011",
  "name": "Transformers (Premium/LE)",
  "date": "November 2011",
  "manufacturer": "Stern Pinball, Inc.",
  "value": "$4990 - $5810",
  "players": 4,
  "multiball": "4",
  "cabinet": "Normal",
  "link": "Transformers (Premium/LE)",
  "type": "SS",
  "description": "Transformers (Premium/LE) is a pinball machine from November 2011, manufactured by Stern Pinball, Inc.",
  "released": 750,
  "link-href": "https://pinside.com/pinball/archive/transformers-(le)"
}