{
  "ramps": 2,
  "display": "Dot Matrix",
  "flippers": 3,
  "ipdb": "3780",
  "brand": "Williams, 1995",
  "name": "Congo",
  "date": "November 1995",
  "manufacturer": "Williams Electronic Games, Inc.",
  "value": "$2770 - $3230",
  "players": 4,
  "multiball": "5",
  "cabinet": "Normal",
  "link": "Congo",
  "type": "SS",
  "description": "Congo is a pinball machine from November 1995, manufactured by Williams Electronic Games, Inc.",
  "released": 2129,
  "link-href": "https://pinside.com/pinball/archive/congo"
}