{
  "ramps": 2,
  "display": "Dot Matrix",
  "flippers": 3,
  "ipdb": "2847",
  "brand": "Gottlieb, 1995",
  "name": "Stargate",
  "date": "March 1995",
  "manufacturer": "D. Gottlieb & Co.",
  "value": "$2030 - $2370",
  "players": 4,
  "multiball": "4",
  "cabinet": "Normal",
  "link": "Stargate",
  "type": "SS",
  "description": "This machine was designed by Ray Tanzer for Premier in 1995. The machine was based on the movie of the same name and features multiple elements based on the movie, including a unique backglass and two \"Jaffa warriors\" that can block orbits. The game's standout feature is a pyramid that can open up to reveal a flying glidercraft. The machine is highly regarded by movie fans and pinheads alike as one of Premier's best machines.",
  "released": 3600,
  "link-href": "https://pinside.com/pinball/archive/stargate"
}