{
  "ramps": 2,
  "display": "Dot Matrix",
  "flippers": 2,
  "ipdb": "3072",
  "brand": "Williams, 1993",
  "name": "Bram Stoker's Dracula",
  "date": "January 1993",
  "manufacturer": "Williams Electronic Games, Inc.",
  "value": "$2500 - $2900",
  "players": 4,
  "multiball": "4",
  "cabinet": "Normal",
  "link": "Bram Stoker's Dracula",
  "type": "SS",
  "description": "This machine was designed by Barry Oursler for Williams in 1993. The machine was based on the 1992 movie of the same name and features many toys based on the movie. The primary challenge of the machine is to stack 3 multiballs (Castle, Coffin, & Mist), kill bats and rats, and earn big points in the process of doing so. Toys in the game include a revolutionary magnet that can throw the ball along a trail for Mist multiball, and two seperate lock traps for \"Castle\" and \"Coffin\" multiballs.",
  "released": 6801,
  "link-href": "https://pinside.com/pinball/archive/bram-stokers-dracula"
}