{
  "ramps": 2,
  "display": "Dot Matrix",
  "flippers": 2,
  "ipdb": "5550",
  "brand": "Stern, 2010",
  "name": "Iron Man",
  "date": "April 2010",
  "manufacturer": "Stern Pinball, Inc.",
  "value": "$4530 - $5270",
  "players": 4,
  "multiball": "4",
  "cabinet": "Normal",
  "link": "Iron Man",
  "type": "SS",
  "description": "Iron Man Pinball features speech, art, and dot matrix display images of all of the popular characters, including Tony Stark, Iron Man, Whiplash, War Machine, Rhodey, Iron Monger,Pepper Potts, Black Widow and many more.",
  "link-href": "https://pinside.com/pinball/archive/iron-man"
}