{
  "ramps": 3,
  "display": "Dot Matrix",
  "flippers": 3,
  "ipdb": "570",
  "brand": "Bally, 1994",
  "name": "Corvette",
  "date": "January 1994",
  "manufacturer": "Bally Manufacturing Co.",
  "value": "$2680 - $3120",
  "players": 4,
  "multiball": "4",
  "cabinet": "Normal",
  "link": "Corvette",
  "type": "SS",
  "description": "Corvette is a pinball machine from January 1994, manufactured by Bally Manufacturing Co.",
  "released": 5001,
  "link-href": "https://pinside.com/pinball/archive/corvette"
}